{
  "heegner_fraction": 0.08762950663271826,
  "soliton_fraction": 0.4737445051789575,
  "void_fraction": 0.18799374508526903,
  "soliton_composite_fraction": 0.2506322431030552,
  "parity_even_power": 9.599334492285917e-10,
  "parity_odd_power": 1.3066092669776197e-09,
  "parity_asymmetry": 1.3611456794506107
}