{
  "monopole_direction": {
    "x": -0.0023624040813140985,
    "y": -0.008401968459702501,
    "z": -0.9999619122611415
  },
  "dipole_direction": {
    "x": 0.0023624040813140985,
    "y": 0.008401968459702501,
    "z": 0.9999619122611415
  },
  "dipole_lon_deg": 74.29546703948311,
  "dipole_lat_deg": 89.49992907561962,
  "dipole_magnitude_km_s": 1.1473986954200381e+24,
  "delta_zenith_deg": 180.0,
  "neck_axis_galactic": {
    "lon_deg": 333.98437499999994,
    "lat_deg": 2.388015463268772,
    "direction": {
      "x": 0.8978940274523495,
      "y": -0.43823532987915126,
      "z": 0.04166666666666658
    }
  },
  "notes": {
    "monopole_definition": "Anti-dipole proxy for first zenith until a stricter ZaTaOa-origin estimator is implemented.",
    "delta_zenith_interpretation": "Angular separation between first and second zenith vectors; current implementation uses anti-dipole as first-zenith proxy."
  }
}