{
  "K_max": 6.345923756570677,
  "K_min": -232.39633383498406,
  "K_mean": -0.0004993940529580079,
  "K_std": 0.14902109375337527,
  "K_heegner_mean": -0.0020032846032987735,
  "K_competition_mean": 0.0015038905503407657,
  "epsilon": 1e-10,
  "lmax": 256,
  "nside": 512,
  "heegner_numbers": [
    1,
    2,
    3,
    7,
    11,
    19,
    43,
    67,
    163
  ]
}